Query_Id,Query,Query_Category,System_Output,Remarks
1,Why did the outcome 'delivery investigation' occur?,task1,,"Target outcome=delivery investigation, example_call_ids=6794-8660-4606-3216;3240-6559-2310-6416;9295-7772-7972-4826"
2,What factors contributed to 'delivery investigation'?,followup,,"Target outcome=delivery investigation, example_call_ids=6794-8660-4606-3216;3240-6559-2310-6416;9295-7772-7972-4826"
3,Which turns serve as evidence for 'delivery investigation' and why?,followup,,"Target outcome=delivery investigation, example_call_ids=6794-8660-4606-3216;3240-6559-2310-6416;9295-7772-7972-4826"
4,Why did the outcome 'escalation - repeated service failures' occur?,task1,,"Target outcome=escalation - repeated service failures, example_call_ids=7034-5430-2980-5483;4967-8141-1813-8658;3631-7868-1079-2880"
5,What factors contributed to 'escalation - repeated service failures'?,followup,,"Target outcome=escalation - repeated service failures, example_call_ids=7034-5430-2980-5483;4967-8141-1813-8658;3631-7868-1079-2880"
6,Which turns serve as evidence for 'escalation - repeated service failures' and why?,followup,,"Target outcome=escalation - repeated service failures, example_call_ids=7034-5430-2980-5483;4967-8141-1813-8658;3631-7868-1079-2880"
7,Why did the outcome 'fraud alert investigation' occur?,task1,,"Target outcome=fraud alert investigation, example_call_ids=1846-5500-2990-8975;1616-8531-3291-5075;3442-1368-8679-3086"
8,What factors contributed to 'fraud alert investigation'?,followup,,"Target outcome=fraud alert investigation, example_call_ids=1846-5500-2990-8975;1616-8531-3291-5075;3442-1368-8679-3086"
9,Which turns serve as evidence for 'fraud alert investigation' and why?,followup,,"Target outcome=fraud alert investigation, example_call_ids=1846-5500-2990-8975;1616-8531-3291-5075;3442-1368-8679-3086"
10,Why did the outcome 'account access issues' occur?,task1,,"Target outcome=account access issues, example_call_ids=7441-4348-3458-2384;5145-3123-6526-1425;1189-8107-2320-9414"
11,What factors contributed to 'account access issues'?,followup,,"Target outcome=account access issues, example_call_ids=7441-4348-3458-2384;5145-3123-6526-1425;1189-8107-2320-9414"
12,Which turns serve as evidence for 'account access issues' and why?,followup,,"Target outcome=account access issues, example_call_ids=7441-4348-3458-2384;5145-3123-6526-1425;1189-8107-2320-9414"
13,Why did the outcome 'service interruptions' occur?,task1,,"Target outcome=service interruptions, example_call_ids=1629-4503-4766-7087;6979-7103-8775-2134;5918-5582-1034-7021"
14,What factors contributed to 'service interruptions'?,followup,,"Target outcome=service interruptions, example_call_ids=1629-4503-4766-7087;6979-7103-8775-2134;5918-5582-1034-7021"
15,Which turns serve as evidence for 'service interruptions' and why?,followup,,"Target outcome=service interruptions, example_call_ids=1629-4503-4766-7087;6979-7103-8775-2134;5918-5582-1034-7021"
16,"Why did the outcome 'multiple issues - fraud, account & security' occur?",task1,,"Target outcome=multiple issues - fraud, account & security, example_call_ids=3146-8438-3705-5746;1468-9534-8230-5770;2389-4556-7567-2157"
17,"What factors contributed to 'multiple issues - fraud, account & security'?",followup,,"Target outcome=multiple issues - fraud, account & security, example_call_ids=3146-8438-3705-5746;1468-9534-8230-5770;2389-4556-7567-2157"
18,"Which turns serve as evidence for 'multiple issues - fraud, account & security' and why?",followup,,"Target outcome=multiple issues - fraud, account & security, example_call_ids=3146-8438-3705-5746;1468-9534-8230-5770;2389-4556-7567-2157"
19,Why did the outcome 'escalation - unauthorized account closure' occur?,task1,,"Target outcome=escalation - unauthorized account closure, example_call_ids=2801-6816-9124-1355;2507-4864-2826-9884;6330-1131-2887-6227"
20,What factors contributed to 'escalation - unauthorized account closure'?,followup,,"Target outcome=escalation - unauthorized account closure, example_call_ids=2801-6816-9124-1355;2507-4864-2826-9884;6330-1131-2887-6227"
21,Which turns serve as evidence for 'escalation - unauthorized account closure' and why?,followup,,"Target outcome=escalation - unauthorized account closure, example_call_ids=2801-6816-9124-1355;2507-4864-2826-9884;6330-1131-2887-6227"
22,Why did the outcome 'appointment scheduling' occur?,task1,,"Target outcome=appointment scheduling, example_call_ids=3119-8031-4703-9428;7920-1584-3087-3622;8903-2309-1868-2523"
23,What factors contributed to 'appointment scheduling'?,followup,,"Target outcome=appointment scheduling, example_call_ids=3119-8031-4703-9428;7920-1584-3087-3622;8903-2309-1868-2523"
24,Which turns serve as evidence for 'appointment scheduling' and why?,followup,,"Target outcome=appointment scheduling, example_call_ids=3119-8031-4703-9428;7920-1584-3087-3622;8903-2309-1868-2523"
25,Why did the outcome 'multiple issues - returns & account inquiries' occur?,task1,,"Target outcome=multiple issues - returns & account inquiries, example_call_ids=8208-2068-2030-5922;3695-5343-9733-7195;1211-3307-5945-8289"
26,What factors contributed to 'multiple issues - returns & account inquiries'?,followup,,"Target outcome=multiple issues - returns & account inquiries, example_call_ids=8208-2068-2030-5922;3695-5343-9733-7195;1211-3307-5945-8289"
27,Which turns serve as evidence for 'multiple issues - returns & account inquiries' and why?,followup,,"Target outcome=multiple issues - returns & account inquiries, example_call_ids=8208-2068-2030-5922;3695-5343-9733-7195;1211-3307-5945-8289"
28,"Why did the outcome 'multiple issues - order status, billing & account' occur?",task1,,"Target outcome=multiple issues - order status, billing & account, example_call_ids=5833-1489-9857-5012;9961-2587-7851-4802;4486-5792-2718-1512"
29,"What factors contributed to 'multiple issues - order status, billing & account'?",followup,,"Target outcome=multiple issues - order status, billing & account, example_call_ids=5833-1489-9857-5012;9961-2587-7851-4802;4486-5792-2718-1512"
30,"Which turns serve as evidence for 'multiple issues - order status, billing & account' and why?",followup,,"Target outcome=multiple issues - order status, billing & account, example_call_ids=5833-1489-9857-5012;9961-2587-7851-4802;4486-5792-2718-1512"
31,Why did the outcome 'escalation - threat of legal action' occur?,task1,,"Target outcome=escalation - threat of legal action, example_call_ids=3883-8555-9747-5746;5405-1959-8150-2620;4471-5440-7427-7835"
32,What factors contributed to 'escalation - threat of legal action'?,followup,,"Target outcome=escalation - threat of legal action, example_call_ids=3883-8555-9747-5746;5405-1959-8150-2620;4471-5440-7427-7835"
33,Which turns serve as evidence for 'escalation - threat of legal action' and why?,followup,,"Target outcome=escalation - threat of legal action, example_call_ids=3883-8555-9747-5746;5405-1959-8150-2620;4471-5440-7427-7835"
34,Why did the outcome 'multiple issues - order status & account access' occur?,task1,,"Target outcome=multiple issues - order status & account access, example_call_ids=7985-4046-4788-7982;7038-2056-8606-6726;7238-3777-3397-3997"
35,What factors contributed to 'multiple issues - order status & account access'?,followup,,"Target outcome=multiple issues - order status & account access, example_call_ids=7985-4046-4788-7982;7038-2056-8606-6726;7238-3777-3397-3997"
36,Which turns serve as evidence for 'multiple issues - order status & account access' and why?,followup,,"Target outcome=multiple issues - order status & account access, example_call_ids=7985-4046-4788-7982;7038-2056-8606-6726;7238-3777-3397-3997"
37,Why did the outcome 'claim denials' occur?,task1,,"Target outcome=claim denials, example_call_ids=4472-7535-3030-5147;2854-7079-6094-7337;1031-8615-5104-6518"
38,What factors contributed to 'claim denials'?,followup,,"Target outcome=claim denials, example_call_ids=4472-7535-3030-5147;2854-7079-6094-7337;1031-8615-5104-6518"
39,Which turns serve as evidence for 'claim denials' and why?,followup,,"Target outcome=claim denials, example_call_ids=4472-7535-3030-5147;2854-7079-6094-7337;1031-8615-5104-6518"
40,Why did the outcome 'business event - system conversion failure' occur?,task1,,"Target outcome=business event - system conversion failure, example_call_ids=4741-5722-8435-4375;5944-7319-3272-4675;3123-8916-3689-3847"
41,What factors contributed to 'business event - system conversion failure'?,followup,,"Target outcome=business event - system conversion failure, example_call_ids=4741-5722-8435-4375;5944-7319-3272-4675;3123-8916-3689-3847"
42,Which turns serve as evidence for 'business event - system conversion failure' and why?,followup,,"Target outcome=business event - system conversion failure, example_call_ids=4741-5722-8435-4375;5944-7319-3272-4675;3123-8916-3689-3847"
43,Why did the outcome 'business event - warehouse fire' occur?,task1,,"Target outcome=business event - warehouse fire, example_call_ids=5800-6031-4741-5151;1183-9381-7716-7043;6950-4472-2173-7689"
44,What factors contributed to 'business event - warehouse fire'?,followup,,"Target outcome=business event - warehouse fire, example_call_ids=5800-6031-4741-5151;1183-9381-7716-7043;6950-4472-2173-7689"
45,Which turns serve as evidence for 'business event - warehouse fire' and why?,followup,,"Target outcome=business event - warehouse fire, example_call_ids=5800-6031-4741-5151;1183-9381-7716-7043;6950-4472-2173-7689"
46,Why did the outcome 'business event - system outage' occur?,task1,,"Target outcome=business event - system outage, example_call_ids=6492-5065-6070-9460;9359-6019-1904-3384;8491-6824-8329-1153"
47,What factors contributed to 'business event - system outage'?,followup,,"Target outcome=business event - system outage, example_call_ids=6492-5065-6070-9460;9359-6019-1904-3384;8491-6824-8329-1153"
48,Which turns serve as evidence for 'business event - system outage' and why?,followup,,"Target outcome=business event - system outage, example_call_ids=6492-5065-6070-9460;9359-6019-1904-3384;8491-6824-8329-1153"
49,"Why did the outcome 'multiple issues - claim, coverage & policy' occur?",task1,,"Target outcome=multiple issues - claim, coverage & policy, example_call_ids=7902-4391-3206-9560;8962-9694-1484-3778;5465-7116-6855-3319"
50,"What factors contributed to 'multiple issues - claim, coverage & policy'?",followup,,"Target outcome=multiple issues - claim, coverage & policy, example_call_ids=7902-4391-3206-9560;8962-9694-1484-3778;5465-7116-6855-3319"
51,"Which turns serve as evidence for 'multiple issues - claim, coverage & policy' and why?",followup,,"Target outcome=multiple issues - claim, coverage & policy, example_call_ids=7902-4391-3206-9560;8962-9694-1484-3778;5465-7116-6855-3319"
52,Why did the outcome 'business event - product recall' occur?,task1,,"Target outcome=business event - product recall, example_call_ids=3560-4803-2375-1211;3851-2806-3760-4596;6947-9971-7317-1597"
53,What factors contributed to 'business event - product recall'?,followup,,"Target outcome=business event - product recall, example_call_ids=3560-4803-2375-1211;3851-2806-3760-4596;6947-9971-7317-1597"
54,Which turns serve as evidence for 'business event - product recall' and why?,followup,,"Target outcome=business event - product recall, example_call_ids=3560-4803-2375-1211;3851-2806-3760-4596;6947-9971-7317-1597"
55,"Why did the outcome 'multiple issues - scheduling, prescriptions & insurance' occur?",task1,,"Target outcome=multiple issues - scheduling, prescriptions & insurance, example_call_ids=2410-1613-1948-5896;6594-2161-6169-6795;9825-7789-6667-1373"
56,"What factors contributed to 'multiple issues - scheduling, prescriptions & insurance'?",followup,,"Target outcome=multiple issues - scheduling, prescriptions & insurance, example_call_ids=2410-1613-1948-5896;6594-2161-6169-6795;9825-7789-6667-1373"
57,"Which turns serve as evidence for 'multiple issues - scheduling, prescriptions & insurance' and why?",followup,,"Target outcome=multiple issues - scheduling, prescriptions & insurance, example_call_ids=2410-1613-1948-5896;6594-2161-6169-6795;9825-7789-6667-1373"
58,Why did the outcome 'multiple issues - fraud & account updates' occur?,task1,,"Target outcome=multiple issues - fraud & account updates, example_call_ids=3577-9057-2601-2106;7881-5696-9013-4311;2686-5164-8011-3681"
59,What factors contributed to 'multiple issues - fraud & account updates'?,followup,,"Target outcome=multiple issues - fraud & account updates, example_call_ids=3577-9057-2601-2106;7881-5696-9013-4311;2686-5164-8011-3681"
60,Which turns serve as evidence for 'multiple issues - fraud & account updates' and why?,followup,,"Target outcome=multiple issues - fraud & account updates, example_call_ids=3577-9057-2601-2106;7881-5696-9013-4311;2686-5164-8011-3681"
61,"Why did the outcome 'multiple issues - technical, plan & payment' occur?",task1,,"Target outcome=multiple issues - technical, plan & payment, example_call_ids=8848-5303-1589-1784;2775-4579-9651-8635;4994-8949-6480-9264"
62,"What factors contributed to 'multiple issues - technical, plan & payment'?",followup,,"Target outcome=multiple issues - technical, plan & payment, example_call_ids=8848-5303-1589-1784;2775-4579-9651-8635;4994-8949-6480-9264"
63,"Which turns serve as evidence for 'multiple issues - technical, plan & payment' and why?",followup,,"Target outcome=multiple issues - technical, plan & payment, example_call_ids=8848-5303-1589-1784;2775-4579-9651-8635;4994-8949-6480-9264"
64,"Why did the outcome 'multiple issues - reservation, service & amenities' occur?",task1,,"Target outcome=multiple issues - reservation, service & amenities, example_call_ids=6162-2128-3055-6648;6875-3597-1773-1573;1531-1733-7711-8524"
65,"What factors contributed to 'multiple issues - reservation, service & amenities'?",followup,,"Target outcome=multiple issues - reservation, service & amenities, example_call_ids=6162-2128-3055-6648;6875-3597-1773-1573;1531-1733-7711-8524"
66,"Which turns serve as evidence for 'multiple issues - reservation, service & amenities' and why?",followup,,"Target outcome=multiple issues - reservation, service & amenities, example_call_ids=6162-2128-3055-6648;6875-3597-1773-1573;1531-1733-7711-8524"
67,Why did the outcome 'multiple issues - service complaints & reservations' occur?,task1,,"Target outcome=multiple issues - service complaints & reservations, example_call_ids=7610-3218-2422-1869;2263-2064-7816-5065;3413-5326-3289-7105"
68,What factors contributed to 'multiple issues - service complaints & reservations'?,followup,,"Target outcome=multiple issues - service complaints & reservations, example_call_ids=7610-3218-2422-1869;2263-2064-7816-5065;3413-5326-3289-7105"
69,Which turns serve as evidence for 'multiple issues - service complaints & reservations' and why?,followup,,"Target outcome=multiple issues - service complaints & reservations, example_call_ids=7610-3218-2422-1869;2263-2064-7816-5065;3413-5326-3289-7105"
70,Why did the outcome 'reservation modifications' occur?,task1,,"Target outcome=reservation modifications, example_call_ids=7823-7017-5652-4003;2865-4803-1402-3484;6755-3419-2473-3440"
71,What factors contributed to 'reservation modifications'?,followup,,"Target outcome=reservation modifications, example_call_ids=7823-7017-5652-4003;2865-4803-1402-3484;6755-3419-2473-3440"
72,Which turns serve as evidence for 'reservation modifications' and why?,followup,,"Target outcome=reservation modifications, example_call_ids=7823-7017-5652-4003;2865-4803-1402-3484;6755-3419-2473-3440"
73,"Why did the outcome 'multiple issues - appointment, prescription & insurance' occur?",task1,,"Target outcome=multiple issues - appointment, prescription & insurance, example_call_ids=3876-6700-8145-6686;3569-5102-9930-4733;1167-2784-4422-5343"
74,"What factors contributed to 'multiple issues - appointment, prescription & insurance'?",followup,,"Target outcome=multiple issues - appointment, prescription & insurance, example_call_ids=3876-6700-8145-6686;3569-5102-9930-4733;1167-2784-4422-5343"
75,"Which turns serve as evidence for 'multiple issues - appointment, prescription & insurance' and why?",followup,,"Target outcome=multiple issues - appointment, prescription & insurance, example_call_ids=3876-6700-8145-6686;3569-5102-9930-4733;1167-2784-4422-5343"
76,Why did the outcome 'update failures' occur?,task1,,"Target outcome=update failures, example_call_ids=8758-2017-9253-5064;5110-3254-4323-1688;8170-1398-8386-3246"
77,What factors contributed to 'update failures'?,followup,,"Target outcome=update failures, example_call_ids=8758-2017-9253-5064;5110-3254-4323-1688;8170-1398-8386-3246"
78,Which turns serve as evidence for 'update failures' and why?,followup,,"Target outcome=update failures, example_call_ids=8758-2017-9253-5064;5110-3254-4323-1688;8170-1398-8386-3246"
79,Why did the outcome 'escalation - service cancellation threat' occur?,task1,,"Target outcome=escalation - service cancellation threat, example_call_ids=3925-3887-6255-8171;8887-5278-8455-6513;8036-9800-7765-4326"
80,What factors contributed to 'escalation - service cancellation threat'?,followup,,"Target outcome=escalation - service cancellation threat, example_call_ids=3925-3887-6255-8171;8887-5278-8455-6513;8036-9800-7765-4326"
81,Which turns serve as evidence for 'escalation - service cancellation threat' and why?,followup,,"Target outcome=escalation - service cancellation threat, example_call_ids=3925-3887-6255-8171;8887-5278-8455-6513;8036-9800-7765-4326"
82,Why did the outcome 'business event - policy changes' occur?,task1,,"Target outcome=business event - policy changes, example_call_ids=4448-4578-8668-1613;2763-9787-1671-2763;3829-1475-1687-3209"
83,What factors contributed to 'business event - policy changes'?,followup,,"Target outcome=business event - policy changes, example_call_ids=4448-4578-8668-1613;2763-9787-1671-2763;3829-1475-1687-3209"
84,Which turns serve as evidence for 'business event - policy changes' and why?,followup,,"Target outcome=business event - policy changes, example_call_ids=4448-4578-8668-1613;2763-9787-1671-2763;3829-1475-1687-3209"
85,Why did the outcome 'multiple issues - service & billing setup' occur?,task1,,"Target outcome=multiple issues - service & billing setup, example_call_ids=3090-8001-1309-6192;2066-5617-7394-8759;3615-6790-1230-2370"
86,What factors contributed to 'multiple issues - service & billing setup'?,followup,,"Target outcome=multiple issues - service & billing setup, example_call_ids=3090-8001-1309-6192;2066-5617-7394-8759;3615-6790-1230-2370"
87,Which turns serve as evidence for 'multiple issues - service & billing setup' and why?,followup,,"Target outcome=multiple issues - service & billing setup, example_call_ids=3090-8001-1309-6192;2066-5617-7394-8759;3615-6790-1230-2370"
88,Why did the outcome 'multiple issues - payments & policy management' occur?,task1,,"Target outcome=multiple issues - payments & policy management, example_call_ids=7742-9436-7851-2244;5348-6003-6458-2711;6646-9075-2217-8680"
89,What factors contributed to 'multiple issues - payments & policy management'?,followup,,"Target outcome=multiple issues - payments & policy management, example_call_ids=7742-9436-7851-2244;5348-6003-6458-2711;6646-9075-2217-8680"
90,Which turns serve as evidence for 'multiple issues - payments & policy management' and why?,followup,,"Target outcome=multiple issues - payments & policy management, example_call_ids=7742-9436-7851-2244;5348-6003-6458-2711;6646-9075-2217-8680"
91,Why did the outcome 'escalation - medical error complaint' occur?,task1,,"Target outcome=escalation - medical error complaint, example_call_ids=9295-9855-5231-5046;5446-9855-3745-5784;4333-7573-2943-9767"
92,What factors contributed to 'escalation - medical error complaint'?,followup,,"Target outcome=escalation - medical error complaint, example_call_ids=9295-9855-5231-5046;5446-9855-3745-5784;4333-7573-2943-9767"
93,Which turns serve as evidence for 'escalation - medical error complaint' and why?,followup,,"Target outcome=escalation - medical error complaint, example_call_ids=9295-9855-5231-5046;5446-9855-3745-5784;4333-7573-2943-9767"
94,Why did the outcome 'business event - network outage' occur?,task1,,"Target outcome=business event - network outage, example_call_ids=1260-9290-7755-3257;8706-6061-9616-8563;7672-6425-9361-4818"
95,What factors contributed to 'business event - network outage'?,followup,,"Target outcome=business event - network outage, example_call_ids=1260-9290-7755-3257;8706-6061-9616-8563;7672-6425-9361-4818"
96,Which turns serve as evidence for 'business event - network outage' and why?,followup,,"Target outcome=business event - network outage, example_call_ids=1260-9290-7755-3257;8706-6061-9616-8563;7672-6425-9361-4818"
97,"Why did the outcome 'multiple issues - billing, plan changes & equipment' occur?",task1,,"Target outcome=multiple issues - billing, plan changes & equipment, example_call_ids=7200-6298-8648-1679;4566-9666-8360-4790;4302-3777-7506-4733"
98,"What factors contributed to 'multiple issues - billing, plan changes & equipment'?",followup,,"Target outcome=multiple issues - billing, plan changes & equipment, example_call_ids=7200-6298-8648-1679;4566-9666-8360-4790;4302-3777-7506-4733"
99,"Which turns serve as evidence for 'multiple issues - billing, plan changes & equipment' and why?",followup,,"Target outcome=multiple issues - billing, plan changes & equipment, example_call_ids=7200-6298-8648-1679;4566-9666-8360-4790;4302-3777-7506-4733"
100,Why did the outcome 'business event - major policy changes' occur?,task1,,"Target outcome=business event - major policy changes, example_call_ids=6141-9685-7197-6528;7570-5357-6417-9899;3287-9365-3176-1884"
101,What factors contributed to 'business event - major policy changes'?,followup,,"Target outcome=business event - major policy changes, example_call_ids=6141-9685-7197-6528;7570-5357-6417-9899;3287-9365-3176-1884"
102,Which turns serve as evidence for 'business event - major policy changes' and why?,followup,,"Target outcome=business event - major policy changes, example_call_ids=6141-9685-7197-6528;7570-5357-6417-9899;3287-9365-3176-1884"
103,Why did the outcome 'multiple issues - medical records & billing' occur?,task1,,"Target outcome=multiple issues - medical records & billing, example_call_ids=3879-7990-2104-4589;4291-4929-8117-2156;4857-8903-6049-9858"
104,What factors contributed to 'multiple issues - medical records & billing'?,followup,,"Target outcome=multiple issues - medical records & billing, example_call_ids=3879-7990-2104-4589;4291-4929-8117-2156;4857-8903-6049-9858"
105,Which turns serve as evidence for 'multiple issues - medical records & billing' and why?,followup,,"Target outcome=multiple issues - medical records & billing, example_call_ids=3879-7990-2104-4589;4291-4929-8117-2156;4857-8903-6049-9858"
106,Why did the outcome 'multiple issues - billing & payment setup' occur?,task1,,"Target outcome=multiple issues - billing & payment setup, example_call_ids=2232-3139-6632-2348;1397-7327-8009-3974;3813-7897-6349-1917"
107,What factors contributed to 'multiple issues - billing & payment setup'?,followup,,"Target outcome=multiple issues - billing & payment setup, example_call_ids=2232-3139-6632-2348;1397-7327-8009-3974;3813-7897-6349-1917"
108,Which turns serve as evidence for 'multiple issues - billing & payment setup' and why?,followup,,"Target outcome=multiple issues - billing & payment setup, example_call_ids=2232-3139-6632-2348;1397-7327-8009-3974;3813-7897-6349-1917"
109,"Why did the outcome 'multiple issues - claims, coverage & policy updates' occur?",task1,,"Target outcome=multiple issues - claims, coverage & policy updates, example_call_ids=5946-9517-3646-3082;5091-2619-5394-3209;6357-4127-8585-9172"
110,"What factors contributed to 'multiple issues - claims, coverage & policy updates'?",followup,,"Target outcome=multiple issues - claims, coverage & policy updates, example_call_ids=5946-9517-3646-3082;5091-2619-5394-3209;6357-4127-8585-9172"
111,"Which turns serve as evidence for 'multiple issues - claims, coverage & policy updates' and why?",followup,,"Target outcome=multiple issues - claims, coverage & policy updates, example_call_ids=5946-9517-3646-3082;5091-2619-5394-3209;6357-4127-8585-9172"
112,Why did the outcome 'business event - ransomware attack' occur?,task1,,"Target outcome=business event - ransomware attack, example_call_ids=2631-3093-2546-3092;4504-8852-4285-8187;3591-3365-7083-5174"
113,What factors contributed to 'business event - ransomware attack'?,followup,,"Target outcome=business event - ransomware attack, example_call_ids=2631-3093-2546-3092;4504-8852-4285-8187;3591-3365-7083-5174"
114,Which turns serve as evidence for 'business event - ransomware attack' and why?,followup,,"Target outcome=business event - ransomware attack, example_call_ids=2631-3093-2546-3092;4504-8852-4285-8187;3591-3365-7083-5174"
115,Why did the outcome 'business event - data breach response' occur?,task1,,"Target outcome=business event - data breach response, example_call_ids=9903-7584-7525-6042;6045-7789-3193-2999;7777-5249-1702-4096"
116,What factors contributed to 'business event - data breach response'?,followup,,"Target outcome=business event - data breach response, example_call_ids=9903-7584-7525-6042;6045-7789-3193-2999;7777-5249-1702-4096"
117,Which turns serve as evidence for 'business event - data breach response' and why?,followup,,"Target outcome=business event - data breach response, example_call_ids=9903-7584-7525-6042;6045-7789-3193-2999;7777-5249-1702-4096"
118,Why did the outcome 'multiple issues - technical support & account management' occur?,task1,,"Target outcome=multiple issues - technical support & account management, example_call_ids=4208-2864-9101-7604;3627-9916-4412-3742;8719-5476-7432-6091"
119,What factors contributed to 'multiple issues - technical support & account management'?,followup,,"Target outcome=multiple issues - technical support & account management, example_call_ids=4208-2864-9101-7604;3627-9916-4412-3742;8719-5476-7432-6091"
120,Which turns serve as evidence for 'multiple issues - technical support & account management' and why?,followup,,"Target outcome=multiple issues - technical support & account management, example_call_ids=4208-2864-9101-7604;3627-9916-4412-3742;8719-5476-7432-6091"
121,Why did the outcome 'business event - cyber attack' occur?,task1,,"Target outcome=business event - cyber attack, example_call_ids=5960-1013-4743-2291;2637-5001-4129-8873;6561-8988-2166-6274"
122,What factors contributed to 'business event - cyber attack'?,followup,,"Target outcome=business event - cyber attack, example_call_ids=5960-1013-4743-2291;2637-5001-4129-8873;6561-8988-2166-6274"
123,Which turns serve as evidence for 'business event - cyber attack' and why?,followup,,"Target outcome=business event - cyber attack, example_call_ids=5960-1013-4743-2291;2637-5001-4129-8873;6561-8988-2166-6274"
